Фамилия;Имя, отчество;Login;Password;Role
Соколова;Елена Александровна;loginDEzxc2021;q9G*hN;Клиент
Попова;Наталья Андреевна;loginDEvbn2021;p8J@lM;Менеджер
Григорьева;Екатерина Андреевна;loginDEmnb2021;o7K$mN;Клиент
Миронова;Ольга Сергеевна;loginDEpoi2021;n6H#nO;Менеджер
Сидорова;Анна Викторовна;loginDEasd2021;l4O@gN;Клиент
Филиппова;Наталья Ивановна;loginDEzxc2021;k3P$hM;Менеджер
Калинина;Татьяна Анатольевна;loginDEpoi2021;h0F^pP;Клиент
Андреев;Дмитрий Александрович;loginDEwqe2021;g9G*hN;Менеджер
Маркова;Екатерина Игоревна;loginDErty2021;f8J@lM;Клиент
Жукова;Наталья Владимировна;loginDEfgh2021;e7K$mN;Менеджер
Константинова;Ольга Васильевна;loginDEasd2021;d6H#nO;Клиент
Кузьмина;Екатерина Ивановна;loginDEzxc2021;c5L@pP;Менеджер
Полякова;Анна Андреевна;loginDEvbn2021;b4O@gN;Клиент
Гаврилова;Наталья Александровна;loginDEmnb2021;a3P$hM;Менеджер
Третьякова;Елена Викторовна;loginDEpoi2021;z2S^nL;Клиент
Белоусов;Андрей Анатольевич;loginDEfgh2021;x0F^pP;Менеджер
Лебедев;Игорь Владимирович;loginDEasd2021;w9G*hN;Клиент
Кудрявцева;Екатерина Александровна;loginDEzxc2021;v8J@lM;Менеджер
Соколов;Дмитрий Андреевич;loginDEvbn2021;u7K$mN;Менеджер
Иванов;Алексей Игоревич;loginDEmnb2021;t6H#nO;Клиент
Петрова;Екатерина Анатольевна;loginDEpoi2021;s5L@pP;Менеджер
Сидоров;Илья Александрович;loginDEwqe2021;r4O@gN;Клиент
Федотова;Наталья Владимировна;loginDErty2021;q3P$hM;Менеджер
Михайлова;Ольга Игоревна;loginDEfgh2021;p2S^nL;Клиент
Григорьев;Дмитрий Сергеевич;loginDEzxc2021;n0F^pP;Менеджер
Смирнова;Екатерина Андреевна;loginDEvbn2021;m9G*hN;Клиент
Попович;Александр Иванович;loginDEmnb2021;l8J@lM;Менеджер
Крылов;Игорь Александрович;loginDEpoi2021;k7K$mN;Клиент
Сазонов;Андрей Олегович;loginDEwqe2021;j6H#nO;Менеджер
Никитин;Дмитрий Владимирович;loginDErty2021;i5L@pP;Клиент
Матвеев;Александр Игоревич;loginDEfgh2021;h4O@gN;Менеджер
Белов;Владимир Александрович;loginDEasd2021;g3P$hM;Менеджер
Кузнецова;Анна Сергеевна;loginDEzxc2021;f2S^nL;Клиент
Филиппов;Андрей Иванович;loginDEmnb2021;d0F^pP;Клиент
Максимов;Дмитрий Александрович;loginDEpoi2021;c9G*hN;Менеджер
Белоусова;Елена Владимировна;loginDEwqe2021;b8J@lM;Клиент
Калинин;Игорь Анатольевич;loginDErty2021;a7K$mN;Менеджер
Андреева;Екатерина Александровна;loginDEfgh2021;z6H#nO;Клиент
Марков;Дмитрий Игоревич;loginDEasd2021;y5L@pP;Менеджер
Жуков;Александр Александрович;loginDEzxc2021;x4O@gN;Менеджер
Константинов;Алексей Васильевич;loginDEvbn2021;w3P$hM;Клиент
Кузьмин;Александр Игоревич;loginDEmnb2021;v2S^nL;Менеджер
Гаврилов;Андрей Сергеевич;loginDEwqe2021;t0F^pP;Менеджер
Третьяков;Игорь Владимирович;loginDErty2021;s9G*hN;Менеджер
Карпов;Сергей Александрович;loginDEfgh2021;r8J@lM;Клиент
Белова;Екатерина Ивановна;loginDEasd2021;q7K$mN;Менеджер
Лебедева;Наталья Александровна;loginDEzxc2021;p6H#nO;Клиент
Кудрявцев;Андрей Александрович;loginDEvbn2021;o5L@pP;Менеджер
Соколова;Ольга Игоревна;loginDEmnb2021;n4O@gN;Клиент
Иванова;Татьяна Андреевна;loginDEwqe2021;m3P$hM;Менеджер
